-- phpMyAdmin SQL Dump
-- version 5.0.4
-- https://www.phpmyadmin.net/
--
-- Hôte : localhost
-- Généré le : ven. 27 nov. 2020 à 00:00
-- Version du serveur :  10.4.14-MariaDB
-- Version de PHP : 7.4.11

SET SQL_MODE = "NO_AUTO_VALUE_ON_ZERO";
START TRANSACTION;
SET time_zone = "+00:00";


/*!40101 SET @OLD_CHARACTER_SET_CLIENT=@@CHARACTER_SET_CLIENT */;
/*!40101 SET @OLD_CHARACTER_SET_RESULTS=@@CHARACTER_SET_RESULTS */;
/*!40101 SET @OLD_COLLATION_CONNECTION=@@COLLATION_CONNECTION */;
/*!40101 SET NAMES utf8mb4 */;

--
-- Base de données : `job-it`
--

-- --------------------------------------------------------

--
-- Structure de la table `affilies`
--

CREATE TABLE `affilies` (
  `id` int(11) NOT NULL,
  `url` varchar(255) COLLATE utf8mb4_unicode_ci NOT NULL,
  `email` varchar(255) COLLATE utf8mb4_unicode_ci NOT NULL,
  `token` varchar(255) COLLATE utf8mb4_unicode_ci NOT NULL,
  `active` tinyint(1) NOT NULL,
  `created` datetime NOT NULL
) ENGINE=InnoDB DEFAULT CHARSET=utf8mb4 COLLATE=utf8mb4_unicode_ci;

-- --------------------------------------------------------

--
-- Structure de la table `affilies_categories`
--

CREATE TABLE `affilies_categories` (
  `affilies_id` int(11) NOT NULL,
  `categories_id` int(11) NOT NULL
) ENGINE=InnoDB DEFAULT CHARSET=utf8mb4 COLLATE=utf8mb4_unicode_ci;

-- --------------------------------------------------------

--
-- Structure de la table `categories`
--

CREATE TABLE `categories` (
  `id` int(11) NOT NULL,
  `nom` varchar(255) COLLATE utf8mb4_unicode_ci NOT NULL
) ENGINE=InnoDB DEFAULT CHARSET=utf8mb4 COLLATE=utf8mb4_unicode_ci;

--
-- Déchargement des données de la table `categories`
--

INSERT INTO `categories` (`id`, `nom`) VALUES
(1, 'Developpeur'),
(2, 'Chef de Projet'),
(3, 'Graphiste Webdesigner');

-- --------------------------------------------------------

--
-- Structure de la table `doctrine_migration_versions`
--

CREATE TABLE `doctrine_migration_versions` (
  `version` varchar(191) COLLATE utf8_unicode_ci NOT NULL,
  `executed_at` datetime DEFAULT NULL,
  `execution_time` int(11) DEFAULT NULL
) ENGINE=InnoDB DEFAULT CHARSET=utf8 COLLATE=utf8_unicode_ci;

--
-- Déchargement des données de la table `doctrine_migration_versions`
--

INSERT INTO `doctrine_migration_versions` (`version`, `executed_at`, `execution_time`) VALUES
('DoctrineMigrations\\Version20201124134145', '2020-11-24 14:42:27', 331),
('DoctrineMigrations\\Version20201126090511', '2020-11-26 10:05:40', 86),
('DoctrineMigrations\\Version20201126170054', '2020-11-26 18:03:03', 130);

-- --------------------------------------------------------

--
-- Structure de la table `jobs`
--

CREATE TABLE `jobs` (
  `id` int(11) NOT NULL,
  `category_id` int(11) DEFAULT NULL,
  `contrat` varchar(100) COLLATE utf8mb4_unicode_ci NOT NULL,
  `entreprise` varchar(100) COLLATE utf8mb4_unicode_ci NOT NULL,
  `logo` varchar(100) COLLATE utf8mb4_unicode_ci DEFAULT NULL,
  `url` varchar(255) COLLATE utf8mb4_unicode_ci DEFAULT NULL,
  `pays` varchar(255) COLLATE utf8mb4_unicode_ci NOT NULL,
  `lieu` varchar(255) COLLATE utf8mb4_unicode_ci NOT NULL,
  `description` longtext COLLATE utf8mb4_unicode_ci NOT NULL,
  `token` varchar(255) COLLATE utf8mb4_unicode_ci DEFAULT NULL,
  `email` varchar(100) COLLATE utf8mb4_unicode_ci NOT NULL,
  `active` tinyint(1) DEFAULT NULL,
  `expire` datetime DEFAULT NULL,
  `created` datetime DEFAULT NULL,
  `updated` datetime DEFAULT NULL,
  `postuler` longtext COLLATE utf8mb4_unicode_ci DEFAULT NULL,
  `metier` varchar(100) COLLATE utf8mb4_unicode_ci DEFAULT NULL
) ENGINE=InnoDB DEFAULT CHARSET=utf8mb4 COLLATE=utf8mb4_unicode_ci;

--
-- Déchargement des données de la table `jobs`
--

INSERT INTO `jobs` (`id`, `category_id`, `contrat`, `entreprise`, `logo`, `url`, `pays`, `lieu`, `description`, `token`, `email`, `active`, `expire`, `created`, `updated`, `postuler`, `metier`) VALUES
(1, 1, 'CDI', 'CIUP', 'image/logo/ball.png', 'https://www.ciup.fr', 'France', 'Strasbourg', 'Dans le cadre du développement de notre activité, nous recherchons une développeuse ou un développeur PHP pour renforcer notre équipe. Vous interviendrez dans les phases de conception, de développement et de maintenance des projets, suivant le besoin des utilisateurs.\r\n\r\nIssu(e) d\'une formation Bac+2 en informatique, vous disposez d\'une expérience d\'au moins 2 ans dans le développement web.\r\n\r\nVos missions principales :\r\n\r\n· Vous participez à la conception, au développement et à l\'administration de nos applications web.\r\n· Vous en assurez la maintenance et réalisez évolutions et mises à jour.\r\n· Vous effectuez une assistance technique aux utilisateurs.\r\n· Vous concevez les tableaux de bord et les indicateurs de suivi d\'activité nécessaires aux rapports d\'activité.\r\n· Vous restez à jour des évolutions technologiques et partagez l\'information avec les collaborateurs et collaboratrices du service.\r\n\r\nCompétences demandées :\r\n· Back-End : PHP, SQL\r\n· Front-End : HTML5, CSS, Javascript\r\n· Compétences appréciées : Symfony 4, Bootstrap, JQuery, Git, MySQL ou MariaDB\r\n· Anglais technique\r\n\r\nQualités recherchées :\r\n· Autonomie et grande capacité d\'organisation.\r\n· Méthode et rigueur.\r\n· Esprit d\'équipe et d\'entraide.\r\n· Bonne qualité rédactionnelle.\r\n\r\nConditions :\r\n· CDI, temps plein, non cadre.\r\n· 13ème après un an d\'ancienneté\r\n· Le poste est basé à Strasbourg, avec des déplacements occasionnels.\r\n\r\nDate de début prévue : 04/01/2021\r\nType d\'emploi : Temps plein, CDI\r\nSalaire : 29 543,00€ par an', '', 'recrutement@ciup.fr', 1, '2020-12-24 00:00:00', '2020-11-24 15:18:39', '2020-11-24 15:18:47', 'Veuillez postuler...', 'Developpeur web'),
(2, 1, 'CDI', 'Makina Corpus', 'image/logo/castor.png', 'https://makina-corpus.com', 'France', 'Toulouse', 'Vous intégrerez une équipe pluridisciplinaire d\'expert.es aux compétences techniques solides et aurez pour responsabilité de :\r\n\r\n- Développer des applications web métier sur la base de Django, Javascript, React (selon votre profil et vos attentes)\r\n\r\n- Participer aux différentes phases de projets web d\'envergure : architecture conception, programmation, tests, maintenance, évolution...\r\n\r\nVous aurez l\'opportunité de :\r\n\r\n- Jouer un rôle visible dans les communautés Open Source : création et amélioration d\'applications Open Source / Participation à la vie de communautés de développeurs / Coordination de sprints, de bugfests / Réalisation de présentations, conférences, bar camps, formations, lightning talks / Écriture de livres blancs ...\r\n\r\n- Évoluer dans environnement technique interdisciplinaire (Front, UI, Mobile, Cartographie...) permettant à chacun.e d\'avoir un véritable impact sur les décisions et où l\'initiative personnelle est valorisée.\r\n\r\n- Choisir vos propres outils de travail, et évoluer dans une ambiance motivante et stimulante (projets et contrib Opensource, participations encouragées à des évènements/meetup, émulation entre expert.es passionné.es, technos innovantes à tester, veille...).\r\n\r\nProfil : niveau Bac +5 requis, idéalement ingénieur.e de formation, mais nous attachons aussi de l\'importance aux compétences, à la passion du métier et à la motivation.\r\n\r\nVous êtes un.e développeur.euse fullstack confirmé.e, spécialisé.e en Javascript et ce depuis 3 ans minimum. Des expériences en Django sont un plus mais ne sont pas requises.\r\n\r\nVotre goût du travail en équipe, votre curiosité et votre adaptabilité aux évolutions technologiques seront des atouts indispensables. Vous êtes motivé.e pour faire des contributions à des projets libres.\r\n\r\nPourquoi nous rejoindre ? Parce que nous disons ce que nous faisons et ... parce que nous faisons ce que nous disons (même si nous n\'avons pas du tout la prétention d\'être parfaits...) : vous avez besoin de le voir pour le croire ? Venez nous rencontrer, un.e expert.e pourra vous en parler !\r\n\r\nÉcrivez-nous, racontez-nous qui vous êtes et ce qui vous motive. Montrez-nous des preuves concrètes de votre motivation (compte Github, contributions, réalisations...).\r\n\r\nNos équipes sont mixtes, femmes et hommes du numérique rejoignez-nous !', '', 'recrutement@makina-corpus.com', 1, '2020-12-24 15:19:00', '2020-11-24 15:19:26', '2020-11-24 15:19:32', 'Veuillez postuler...', 'Developpeur Web'),
(3, 1, 'CDI', 'MISTER EV', 'image/logo/flame.png', 'https://www.mister-ev.com/fr/', 'France', 'Strasbourg', 'Pour accompagner le développement de nos ventes, nous recherchons un.e développeur full stack spécialisé.e dans l\'e-commerce.\r\nEn lien avec la direction, vos missions chez Mister EV seront les suivantes :\r\n\r\nParticiper à déterminer les axes d\'amélioration du site Internet avec le reste de l\'équipe ;\r\n\r\nFaire évoluer la présentation du catalogue et des outils de recherche ;\r\nMettre en place des expérimentations (A/B testing) pour améliorer le taux de conversion du site ;\r\nParticiper à l\'industrialisation de la chaîne de traitement des commandes grâce à l\'évaluation de plugins WooCommerce adaptés ou des développements sur mesure ;\r\nConnecter les outils marketing nécessaires au développement des ventes pour rendre l\'équipe des ventes aussi autonome que possible ;\r\nDévelopper des pages pour optimiser le SEO ;\r\nGérer les mises à jour de Wordpress, WooCommerce et des plugins associés.\r\n\r\nSavoir-faire\r\n\r\nUne très bonne connaissance des technologies front-end (XHTML, CSS, SASS ou LESS, javascript) ;\r\nUne bonne connaissance de PHP / MySQL, Wordpress, et idéalement de WooCommerce ;\r\nAu minimum, une première expérience avec GIT ;\r\nUne bonne connaissance des outils et de l\'écosystème de l\'e-commerce ;\r\nUne sensibilité graphique qui permet de travailler sur un projet e-commerce sans forcément avoir besoin de l\'intervention d\'un designer ;\r\nUne bonne compréhension des bonnes pratiques SEO en matière de développement.\r\nSavoir-être\r\n\r\nAvoir envie de relever les challenges liés à la croissance d\'un site e-commerce ;\r\nSavoir travailler efficacement en équipe ;\r\nÊtre dynamique, autonome et faire preuve d\'initiative ;\r\nÊtre rigoureux et organisé ;\r\nAvoir l\'envie constante d\'apprendre et de s\'améliorer ;\r\nAvoir de l\'appétence pour l\'automobile, l\'énergie et une sensibilité environnementale.', '', 'maxime@brakson.com', 1, '2020-12-24 15:20:02', '2020-11-24 15:20:02', '2020-11-24 15:20:02', 'Veuillez postuler...', 'Developpeur Web'),
(4, 1, 'CDI', 'Labsoft', '/image/logo/lotus.png', 'https://www.jobposting.pro/emploi-1006056-131', 'France', 'Toulouse', 'Dans le cadre du développement de notre activité, nous recherchons, un(e) Développeur Mobile iOS/Android H/F qui saura développer & apporter son savoir au sein de nos équipes.\r\nVOTRE FUTUR JOB :\r\nIntégré(e) à une équipe, vous prendrez en charge la conception technique et le développement informatique de la version mobile d\'un site internet ou d\'une application native pour smartphone et/ou tablette.\r\n\r\nA ce titre vous aurez en charge :\r\n\r\nL\'analyse :\r\n- Définition des spécifications générales\r\n- Analyse technique et étude détaillée\r\n- Réalisation du prototypage\r\n\r\nLe développement :\r\n- Réalisation des modules (objets et composants logiciels)\r\n- Développement d\'une application adaptée en accord avec les besoins\r\n- Adaptation des solutions existantes en procédant par exemple au portage d\'une application vers un autre système d\'exploitation.\r\n- Code, débugue, teste, documentation et communication sur les étapes de développement du produit.\r\n- Choix des options techniques appropriées au développement comme la réutilisation, l\'amélioration ou la reconfiguration de composants existants\r\n- Optimisation efficacité, coûts et qualité.\r\n- Validation des résultats avec les représentants des utilisateurs type, intégration et garant de la solution dans son ensemble.\r\n- Rédaction des documentations\r\n\r\nLa qualification :\r\n- Élaboration de jeux d\'essais pour les tests unitaires d\'intégration\r\n- Réalisation des tests unitaires\r\n- Identification et traitement des dysfonctionnements\r\n\r\nLa maintenance :\r\n- Support technique tout au long de la vie de l\'application.\r\n- Correction des problèmes remontés par les utilisateurs.\r\n\r\n\r\nLa connaissance du monde bancaire est un plus.\r\n\r\n\r\nENVIRONNEMENT TECHNIQUE :\r\n- Double compétence iOS / Swift + Android / Kotlin\r\n- La connaissance de l\'environnement bancaire est un plus\r\n\r\n\r\nPour postuler :\r\n\r\nhttps://www.jobposting.pro/emploi-1006056-131\r\nRéférence : https://www.jobposting.pro/emploi-1006056-131', '', 'rh@labsoft.fr', 1, '2020-12-24 15:20:02', '2020-11-24 15:20:02', '2020-11-24 15:20:02', 'Veuillez postuler...', 'Developpeur Web'),
(5, 1, 'CDI', 'Labsoft', 'image/logo/lotus.png', 'https://www.jobposting.pro/emploi-1006060-131', 'France', 'Toulouse', 'Dans le cadre du développement de notre activité, nous recherchons, un(e) Développeur(se) Cobol/Pacbase H/F qui saura développer & apporter son savoir au sein de nos équipes.\r\nVOTRE FUTUR JOB :\r\nEn renfort d\'une équipe de 40 personnes, vous interviendrez dans le cadre d\'un projet de construction de solutions monétiques.\r\nVos missions seront :\r\n- Le développement ;\r\n- La réalisation des tests unitaires ;\r\nSelon votre montée en compétence, vous pourrez être amené(e) à participer à la qualification.\r\n\r\n\r\nVOTRE PROFIL :\r\n- Expérience en développement Cobol / Pacbase\r\n- Bonnes capacités d\'analyse et de synthèse – Rigueur et méthode\r\n- Esprit d\'équipe\r\n- Adaptabilité et flexibilité\r\n\r\n\r\nPour postuler :\r\n\r\nhttps://www.jobposting.pro/emploi-1006060-131\r\nRéférence : https://www.jobposting.pro/emploi-1006060-131', '', 'rh@labsoft.fr', 1, '2020-12-24 15:20:02', '2020-11-24 15:20:02', '2020-11-24 15:20:02', 'Veuillez postuler...', 'Developpeur Web'),
(6, 1, 'CDI', 'Labsoft', 'image/logo/lotus.png', 'https://www.jobposting.pro/emploi-1009174-131', 'France', 'Toulouse', 'Type de contrat : CDI\r\n\r\nDans le cadre du développement de notre activité, nous recherchons, un(e) Développeur Mobile Hybrique Cordova/AngularJS H/F qui saura développer & apporter son savoir au sein de nos équipes.\r\n\r\nVOTRE FUTUR JOB :\r\n\r\nContexte de la mission : Evolution / maintenance d\'une solution d\'agrégation de services pour les villes et les entreprises, permettant :\r\n\r\n- Aux personnes d\'une collectivité d\'accéder depuis leur smartphone aux différents services accessibles mis à disposition par la collectivité\r\n- Aux administrateurs de ce lieu de configurer les différents services mis à disposition depuis un Back Office.\r\nIntégré(e) à une équipe, vous prendrez en charge :\r\n- Développement de fonctionnalités\r\n- Correction d\'anomalies remontées par les clients\r\n- Industrialisation de la solution (CI /CD)\r\n- Amélioration de la qualité logicielle (couverture de code, déploiement)\r\n\r\n\r\nENVIRONNEMENT TECHNIQUE :\r\n\r\n- Formation supérieur Bac+2 en informatique\r\n- Vous avez une expérience de 3 ans minimum sur des développements mobiles similaires & une expérience AngularJS.\r\n- AngularJS, API REST, Cordova\r\n- Méthodologie Agile Scrum\r\n- Bon relationnel, rigueur & organisation.\r\n\r\nCe poste vous intéresse ?\r\nNous rejoindre c\'est un super poste mais c\'est aussi :\r\n- Des primes de cooptation ;\r\n- La prise en charge des frais de transport à 50% & prime vélo, pour les plus courageux ;\r\n- La prime de vacances chaque année ;\r\n- Une prime pour toute certification réussie ;\r\n- Le versement de la Participation : résultat de votre travail ;\r\n- Des afterwork réguliers ;\r\n- De l\'aide pour votre installation et vos projets immobiliers ;\r\n- Des TR, une mutuelle et prévoyance, des RTT,\r\n- Un super parrainage avec un Labsoftien(e) dès votre arrivée\r\n\r\nCe poste vous intéresse ? Nous vous attendons impatiemment !\r\n\r\n\r\nPour postuler :\r\n\r\nhttps://www.jobposting.pro/emploi-1009174-131\r\nRéférence : https://www.jobposting.pro/emploi-1009174-131', '', 'rh@labsoft.fr', 1, '2020-12-24 15:20:02', '2020-11-24 15:20:02', '2020-11-24 15:20:02', 'Veuillez postuler...', 'Developpeur Web'),
(7, 3, 'CDI', 'Terence Ramos', 'image/logo/wave.png', 'http://terenceramos.free.fr', 'France', 'Paris', 'Graphiste avec 4 ans d\'expérience, motivé, créatif et polyvalent sur les supports papier et web.\r\nDepuis 10 ans dans le domaine de la communication graphique infographie, le marketing, la programmation et le motion design.', '', 'terenceramos@hotmail.com', 1, '2020-12-24 15:20:02', '2020-11-24 15:20:02', '2020-11-24 15:20:02', 'Veuillez postuler...', 'Graphiste Webdesigner'),
(8, 3, 'CDI', 'Iloé', 'image/logo/ink.png', 'https://www.behance.net/ilohergault', 'France', 'Paris', 'Le webdesign, les médias sociaux et le graphisme sont mes domaines d\'expertise mais aussi mes passions. Je vis « Design » au quotidien.\r\n\r\nJ\'ai fait 4 ans d\'études. Je suis titulaire :\r\n\r\n- d\'une Mise À Niveau en Arts Appliqués\r\n- d\'un DUT Métiers du Multimédia et de l\'Internet, mention assez bien\r\n- d\'une Licence professionnelle \"Métiers du numérique : conception, rédaction et réalisation web\" option Graphisme multimédia, mention bien\r\n\r\nJe suis : rigoureuse, réactive, dynamique, souriante, créative, curieuse et surtout passionnée !\r\n\r\nDans la vie j\'aime : les voyages, lire, le design, tout ce qui touche à l\'art en général, le ski et la nourriture.', '', 'iloehergault@gmail.com', 1, '2020-12-24 15:20:02', '2020-11-24 15:20:02', '2020-11-24 15:20:02', 'Veuillez postuler...', 'Graphiste Webdesigner'),
(9, 3, 'Freelance', 'Salpin Michel', 'image/logo/roundred.png', 'http://www.msalpin.com', 'France', 'Paris', 'Bonjour,\r\n\r\nJe suis en recherche active d\'un emploi.\r\n\r\nPolyvalent, je mets à votre disposition mes compétences professionnelles. J\'étudie toutes les opportunités de collaboration.\r\n\r\nJe suis mobile (France ou étranger).\r\n\r\nTrès intéressé par les nouvelles technologies de communication, j\'ai effectué une formation de webdesigner de niveau III dans le cadre d\'une convention AFDAS de neuf mois en 2008, ajoutant ainsi à ma palette, la maîtrise des applicatifs et langages nécessaires à la création et à l\'administration de sites Internet.\r\n\r\nAtouts : - expérience professionnelle en agences de communication, édition, presse-magazine, etc.,\r\n- une solide assise technique,\r\n- management, initiatives, esprit d\'équipe.\r\n\r\nVous pouvez consulter mon portfolio et télécharger mon CV au format PDF à l\'URL suivante : http://www.msalpin.com/cv.html\r\n\r\nJ\'étudie avec le plus grand soin vos offres de collaboration. Je me tiens à votre disposition pour tout demande de renseignements complémentaire.\r\n\r\nDans cette attente, je vous prie d’agréer, Mesdames, Messieurs, l’expression de mes salutations distinguées.\r\n\r\n\r\nMichel Salpin\r\n\r\n', '', 'msalpin@gmail.com', 1, '2020-12-24 15:20:02', '2020-11-24 15:20:02', '2020-11-24 15:20:02', 'Veuillez postuler...', 'Graphiste Webdesigner'),
(10, 3, 'CDD', 'Coline Gauthier', 'image/logo/tree.png', ' https://coline-gauthier.fr', 'France', 'Colmar', 'Inspirée par l\'art sous toutes ses formes : Expo universelle de Milan, spectacles de rue, un stage chez Ubisoft Montpellier et 7e art. Tous on influencée mon parcours.\r\n\r\nD\'un Bac STD2A à un Bachelor design graphique option motion design en passant par un BTS design graphique médias numérique, je suis aujourd\'hui à la recherche d\'un emplois dans le domaine du graphisme.\r\nMon petit plus ? Je suis passionnée par le motion design (un outil de communication en plein essor !)\r\n\r\nJe recherche un poste en Alsace (Strasbourg, Sélestat, Colmar et Mulhouse) et sur la région de Lyon.\r\nJe suis disponible tout de suite et très motivée à travailler malgré le contexte de crise actuelle !', '', 'coline.g68@gmail.com', 1, '2020-12-24 15:20:02', '2020-11-24 15:20:02', '2020-11-24 15:20:02', 'Veuillez postuler...', 'Graphiste Webdesigner'),
(11, 2, 'CDI', 'Michael Page', '', 'https://www.michaelpage.fr/job-detail/chef-de-projet-cyber-s%c3%a9curit%c3%a9-hf', 'France', 'France', 'Rattaché au Responsable Systèmes et Réseaux, vous intervenez au sein d\'une équipe internationale dans le cadre de la stratégie IT du Groupe. En tant qu\'Expert Chef de Projet Cyber Sécurité , vous participez aux actions globales de management de la sécurité. Dans ce cadre vos missions sont les suivantes :\r\n- Déployer et piloter les solutions de sécurité,\r\n- Analyser les audits sécurité IT et en charge des la veille technique et technologique,\r\n- Accompagner le management global de la sécurité IT Groupe,\r\n- Participer à la mise en oeuvre de règles sécurité.\r\n\r\nForce de proposition, vous contribuez à l\'amélioration continue du service.\r\n\r\nCette liste n\'est pas limitative.\r\n\r\nIssu d\'une formation supérieure de type Bac+ 2 MINIMUM en informatiques réseaux, vous bénéficiez d\'au moins 2 ans d\'expérience à un poste similaire en tant que Chef de Projet Cybersécurité. A l\'aise sur les normes et procédures de sécurité (firewall, antivirus, cryptographie, serveurs d\'authentification, tests d\'intrusion, PKI, filtrage d\'URL, EDR, CASB...). Vous avez une curiosité intellectuelle et grand intérêt pour les nouvelles technologies et une bonne compréhension des architectures en environnement Cloud Hybride. Votre anglais est bon.\r\nRéférence : 674044', '', 'alizegridel@michaelpage.fr', 1, '2020-12-24 15:20:02', '2020-11-24 15:20:02', '2020-11-24 15:20:02', 'Veuillez postuler...', 'Chef de Projet'),
(12, 2, 'Freelance', 'Que du Bonheur', 'image/logo/flower.png', NULL, 'France', 'Paris', 'Dans le cadre d\'un contrat de professionnalisation:\r\n\r\n> Descriptif de poste :\r\n\r\nMISSIONS\r\n \r\nNous vous invitons à rejoindre notre société comme Chef de projet SEO junior (H/F).\r\n \r\nAu sein du pôle Marketing vous allez apprendre à :\r\n \r\n& Découvrir le fonctionnement du secteur de l\'internet (les acteurs en présence, comment générer du trafic et du revenu avec un site internet...),\r\n·& Veille SEO et mise en place de stratégie d\'acquisition\r\n·& Participer activement au développement et à l\'optimisation d\'un site internet\r\n·& Approfondir vos connaissances générales web (SEO, e-Marketing, B2B, techniques...) et renforcer votre vision stratégique,\r\n& Développer votre sensibilité analytique .\r\n \r\n \r\n& Participation active au développement de projets éditoriaux de la plate forme de contenu.\r\n \r\n& Rédaction d\'articles .\r\n& Relecture, correction et intégration des textes réalisés par nos partenaires.\r\n· Animation des réseaux sociaux : Mise en ligne et promotions des contenus réalisés.\r\n· SEO : Suivi de l\'indexation des articles, création de liens externes.\r\n· Suivi des indicateurs de performance des différents projets (engagement des fans, trafic, monétisation, etc.) et optimisation des résultats.\r\n \r\n \r\nPROFIL\r\n \r\n· Actuellement étudiant(e) BAC +3, vous avez des expériences significatives dans ces domaines.\r\n· Vous êtes très intéressé(e) par le web et vous avez une bonne connaissance du fonctionnement des blogs et des réseaux sociaux (Facebook, Twitter, Google+).\r\n· Vous possédez les qualités suivantes : dynamisme, rigueur, méthodologie, sens logique.', '', 'claudiarecrut@gmail.com', 1, '2020-12-24 15:20:02', '2020-11-24 15:20:02', '2020-11-24 15:20:02', 'Veuillez postuler...', 'Chef de Projet'),
(13, 1, 'CDI', 'CIUP', 'image/logo/ball.png', 'https://www.ciup.fr', 'France', 'Strasbourg', 'Dans le cadre du développement de notre activité, nous recherchons une développeuse ou un développeur PHP pour renforcer notre équipe. Vous interviendrez dans les phases de conception, de développement et de maintenance des projets, suivant le besoin des utilisateurs.\r\n\r\nIssu(e) d\'une formation Bac+2 en informatique, vous disposez d\'une expérience d\'au moins 2 ans dans le développement web.\r\n\r\nVos missions principales :\r\n\r\n· Vous participez à la conception, au développement et à l\'administration de nos applications web.\r\n· Vous en assurez la maintenance et réalisez évolutions et mises à jour.\r\n· Vous effectuez une assistance technique aux utilisateurs.\r\n· Vous concevez les tableaux de bord et les indicateurs de suivi d\'activité nécessaires aux rapports d\'activité.\r\n· Vous restez à jour des évolutions technologiques et partagez l\'information avec les collaborateurs et collaboratrices du service.\r\n\r\nCompétences demandées :\r\n· Back-End : PHP, SQL\r\n· Front-End : HTML5, CSS, Javascript\r\n· Compétences appréciées : Symfony 4, Bootstrap, JQuery, Git, MySQL ou MariaDB\r\n· Anglais technique\r\n\r\nQualités recherchées :\r\n· Autonomie et grande capacité d\'organisation.\r\n· Méthode et rigueur.\r\n· Esprit d\'équipe et d\'entraide.\r\n· Bonne qualité rédactionnelle.\r\n\r\nConditions :\r\n· CDI, temps plein, non cadre.\r\n· 13ème après un an d\'ancienneté\r\n· Le poste est basé à Strasbourg, avec des déplacements occasionnels.\r\n\r\nDate de début prévue : 04/01/2021\r\nType d\'emploi : Temps plein, CDI\r\nSalaire : 29 543,00€ par an', '', 'recrutement@ciup.fr', 1, '2020-12-24 00:00:00', '2020-11-24 15:18:39', '2020-11-24 15:18:47', 'Veuillez postuler...', 'Developpeur'),
(14, 1, 'CDI', 'Makina Corpus', '', 'https://makina-corpus.com', 'France', 'Toulouse', 'Vous intégrerez une équipe pluridisciplinaire d\'expert.es aux compétences techniques solides et aurez pour responsabilité de :\r\n\r\n- Développer des applications web métier sur la base de Django, Javascript, React (selon votre profil et vos attentes)\r\n\r\n- Participer aux différentes phases de projets web d\'envergure : architecture conception, programmation, tests, maintenance, évolution...\r\n\r\nVous aurez l\'opportunité de :\r\n\r\n- Jouer un rôle visible dans les communautés Open Source : création et amélioration d\'applications Open Source / Participation à la vie de communautés de développeurs / Coordination de sprints, de bugfests / Réalisation de présentations, conférences, bar camps, formations, lightning talks / Écriture de livres blancs ...\r\n\r\n- Évoluer dans environnement technique interdisciplinaire (Front, UI, Mobile, Cartographie...) permettant à chacun.e d\'avoir un véritable impact sur les décisions et où l\'initiative personnelle est valorisée.\r\n\r\n- Choisir vos propres outils de travail, et évoluer dans une ambiance motivante et stimulante (projets et contrib Opensource, participations encouragées à des évènements/meetup, émulation entre expert.es passionné.es, technos innovantes à tester, veille...).\r\n\r\nProfil : niveau Bac +5 requis, idéalement ingénieur.e de formation, mais nous attachons aussi de l\'importance aux compétences, à la passion du métier et à la motivation.\r\n\r\nVous êtes un.e développeur.euse fullstack confirmé.e, spécialisé.e en Javascript et ce depuis 3 ans minimum. Des expériences en Django sont un plus mais ne sont pas requises.\r\n\r\nVotre goût du travail en équipe, votre curiosité et votre adaptabilité aux évolutions technologiques seront des atouts indispensables. Vous êtes motivé.e pour faire des contributions à des projets libres.\r\n\r\nPourquoi nous rejoindre ? Parce que nous disons ce que nous faisons et ... parce que nous faisons ce que nous disons (même si nous n\'avons pas du tout la prétention d\'être parfaits...) : vous avez besoin de le voir pour le croire ? Venez nous rencontrer, un.e expert.e pourra vous en parler !\r\n\r\nÉcrivez-nous, racontez-nous qui vous êtes et ce qui vous motive. Montrez-nous des preuves concrètes de votre motivation (compte Github, contributions, réalisations...).\r\n\r\nNos équipes sont mixtes, femmes et hommes du numérique rejoignez-nous !', '', 'recrutement@makina-corpus.com', 1, '2020-12-24 15:19:00', '2020-11-24 15:19:26', '2020-11-24 15:19:32', 'Veuillez postuler...', 'Developpeur Web'),
(15, 1, 'Freelance', 'MISTER EV', 'image/logo/flame.png', 'https://www.mister-ev.com/fr/', 'France', 'Strasbourg', 'Pour accompagner le développement de nos ventes, nous recherchons un.e développeur full stack spécialisé.e dans l\'e-commerce.\r\nEn lien avec la direction, vos missions chez Mister EV seront les suivantes :\r\n\r\nParticiper à déterminer les axes d\'amélioration du site Internet avec le reste de l\'équipe ;\r\n\r\nFaire évoluer la présentation du catalogue et des outils de recherche ;\r\nMettre en place des expérimentations (A/B testing) pour améliorer le taux de conversion du site ;\r\nParticiper à l\'industrialisation de la chaîne de traitement des commandes grâce à l\'évaluation de plugins WooCommerce adaptés ou des développements sur mesure ;\r\nConnecter les outils marketing nécessaires au développement des ventes pour rendre l\'équipe des ventes aussi autonome que possible ;\r\nDévelopper des pages pour optimiser le SEO ;\r\nGérer les mises à jour de Wordpress, WooCommerce et des plugins associés.\r\n\r\nSavoir-faire\r\n\r\nUne très bonne connaissance des technologies front-end (XHTML, CSS, SASS ou LESS, javascript) ;\r\nUne bonne connaissance de PHP / MySQL, Wordpress, et idéalement de WooCommerce ;\r\nAu minimum, une première expérience avec GIT ;\r\nUne bonne connaissance des outils et de l\'écosystème de l\'e-commerce ;\r\nUne sensibilité graphique qui permet de travailler sur un projet e-commerce sans forcément avoir besoin de l\'intervention d\'un designer ;\r\nUne bonne compréhension des bonnes pratiques SEO en matière de développement.\r\nSavoir-être\r\n\r\nAvoir envie de relever les challenges liés à la croissance d\'un site e-commerce ;\r\nSavoir travailler efficacement en équipe ;\r\nÊtre dynamique, autonome et faire preuve d\'initiative ;\r\nÊtre rigoureux et organisé ;\r\nAvoir l\'envie constante d\'apprendre et de s\'améliorer ;\r\nAvoir de l\'appétence pour l\'automobile, l\'énergie et une sensibilité environnementale.', '', 'maxime@brakson.com', 1, '2020-12-24 15:20:02', '2020-11-24 15:20:02', '2020-11-24 15:20:02', 'Veuillez postuler...', ''),
(16, 1, 'Freelance', 'Labsoft', 'image/logo/lotus.png', 'https://www.jobposting.pro/emploi-1006056-131', 'France', 'Toulouse', 'Dans le cadre du développement de notre activité, nous recherchons, un(e) Développeur Mobile iOS/Android H/F qui saura développer & apporter son savoir au sein de nos équipes.\r\nVOTRE FUTUR JOB :\r\nIntégré(e) à une équipe, vous prendrez en charge la conception technique et le développement informatique de la version mobile d\'un site internet ou d\'une application native pour smartphone et/ou tablette.\r\n\r\nA ce titre vous aurez en charge :\r\n\r\nL\'analyse :\r\n- Définition des spécifications générales\r\n- Analyse technique et étude détaillée\r\n- Réalisation du prototypage\r\n\r\nLe développement :\r\n- Réalisation des modules (objets et composants logiciels)\r\n- Développement d\'une application adaptée en accord avec les besoins\r\n- Adaptation des solutions existantes en procédant par exemple au portage d\'une application vers un autre système d\'exploitation.\r\n- Code, débugue, teste, documentation et communication sur les étapes de développement du produit.\r\n- Choix des options techniques appropriées au développement comme la réutilisation, l\'amélioration ou la reconfiguration de composants existants\r\n- Optimisation efficacité, coûts et qualité.\r\n- Validation des résultats avec les représentants des utilisateurs type, intégration et garant de la solution dans son ensemble.\r\n- Rédaction des documentations\r\n\r\nLa qualification :\r\n- Élaboration de jeux d\'essais pour les tests unitaires d\'intégration\r\n- Réalisation des tests unitaires\r\n- Identification et traitement des dysfonctionnements\r\n\r\nLa maintenance :\r\n- Support technique tout au long de la vie de l\'application.\r\n- Correction des problèmes remontés par les utilisateurs.\r\n\r\n\r\nLa connaissance du monde bancaire est un plus.\r\n\r\n\r\nENVIRONNEMENT TECHNIQUE :\r\n- Double compétence iOS / Swift + Android / Kotlin\r\n- La connaissance de l\'environnement bancaire est un plus\r\n\r\n\r\nPour postuler :\r\n\r\nhttps://www.jobposting.pro/emploi-1006056-131\r\nRéférence : https://www.jobposting.pro/emploi-1006056-131', '', 'rh@labsoft.fr', 1, '2020-12-24 15:20:02', '2020-11-24 15:20:02', '2020-11-24 15:20:02', 'Veuillez postuler...', ''),
(17, 1, 'Freelance', 'Labsoft', 'image/logo/lotus.png', 'https://www.jobposting.pro/emploi-1006060-131', 'France', 'Toulouse', 'Dans le cadre du développement de notre activité, nous recherchons, un(e) Développeur(se) Cobol/Pacbase H/F qui saura développer & apporter son savoir au sein de nos équipes.\r\nVOTRE FUTUR JOB :\r\nEn renfort d\'une équipe de 40 personnes, vous interviendrez dans le cadre d\'un projet de construction de solutions monétiques.\r\nVos missions seront :\r\n- Le développement ;\r\n- La réalisation des tests unitaires ;\r\nSelon votre montée en compétence, vous pourrez être amené(e) à participer à la qualification.\r\n\r\n\r\nVOTRE PROFIL :\r\n- Expérience en développement Cobol / Pacbase\r\n- Bonnes capacités d\'analyse et de synthèse – Rigueur et méthode\r\n- Esprit d\'équipe\r\n- Adaptabilité et flexibilité\r\n\r\n\r\nPour postuler :\r\n\r\nhttps://www.jobposting.pro/emploi-1006060-131\r\nRéférence : https://www.jobposting.pro/emploi-1006060-131', '', 'rh@labsoft.fr', 1, '2020-12-24 15:20:02', '2020-11-24 15:20:02', '2020-11-24 15:20:02', 'Veuillez postuler...', ''),
(18, 1, 'CDD', 'Labsoft', 'image/logo/lotus.png', 'https://www.jobposting.pro/emploi-1009174-131', 'France', 'Toulouse', 'Type de contrat : CDI\r\n\r\nDans le cadre du développement de notre activité, nous recherchons, un(e) Développeur Mobile Hybrique Cordova/AngularJS H/F qui saura développer & apporter son savoir au sein de nos équipes.\r\n\r\nVOTRE FUTUR JOB :\r\n\r\nContexte de la mission : Evolution / maintenance d\'une solution d\'agrégation de services pour les villes et les entreprises, permettant :\r\n\r\n- Aux personnes d\'une collectivité d\'accéder depuis leur smartphone aux différents services accessibles mis à disposition par la collectivité\r\n- Aux administrateurs de ce lieu de configurer les différents services mis à disposition depuis un Back Office.\r\nIntégré(e) à une équipe, vous prendrez en charge :\r\n- Développement de fonctionnalités\r\n- Correction d\'anomalies remontées par les clients\r\n- Industrialisation de la solution (CI /CD)\r\n- Amélioration de la qualité logicielle (couverture de code, déploiement)\r\n\r\n\r\nENVIRONNEMENT TECHNIQUE :\r\n\r\n- Formation supérieur Bac+2 en informatique\r\n- Vous avez une expérience de 3 ans minimum sur des développements mobiles similaires & une expérience AngularJS.\r\n- AngularJS, API REST, Cordova\r\n- Méthodologie Agile Scrum\r\n- Bon relationnel, rigueur & organisation.\r\n\r\nCe poste vous intéresse ?\r\nNous rejoindre c\'est un super poste mais c\'est aussi :\r\n- Des primes de cooptation ;\r\n- La prise en charge des frais de transport à 50% & prime vélo, pour les plus courageux ;\r\n- La prime de vacances chaque année ;\r\n- Une prime pour toute certification réussie ;\r\n- Le versement de la Participation : résultat de votre travail ;\r\n- Des afterwork réguliers ;\r\n- De l\'aide pour votre installation et vos projets immobiliers ;\r\n- Des TR, une mutuelle et prévoyance, des RTT,\r\n- Un super parrainage avec un Labsoftien(e) dès votre arrivée\r\n\r\nCe poste vous intéresse ? Nous vous attendons impatiemment !\r\n\r\n\r\nPour postuler :\r\n\r\nhttps://www.jobposting.pro/emploi-1009174-131\r\nRéférence : https://www.jobposting.pro/emploi-1009174-131', '', 'rh@labsoft.fr', 1, '2020-12-24 15:20:02', '2020-11-24 15:20:02', '2020-11-24 15:20:02', 'Veuillez postuler...', ''),
(19, 3, 'CDD', 'Terence Ramos', 'image/logo/wave.png', 'http://terenceramos.free.fr', 'France', 'Paris', 'Graphiste avec 4 ans d\'expérience, motivé, créatif et polyvalent sur les supports papier et web.\r\nDepuis 10 ans dans le domaine de la communication graphique infographie, le marketing, la programmation et le motion design.', '', 'terenceramos@hotmail.com', 1, '2020-12-24 15:20:02', '2020-11-24 15:20:02', '2020-11-24 15:20:02', 'Veuillez postuler...', ''),
(20, 3, 'CDD', 'Iloé', 'image/logo/ink.png', 'https://www.behance.net/ilohergault', 'France', 'Paris', 'Le webdesign, les médias sociaux et le graphisme sont mes domaines d\'expertise mais aussi mes passions. Je vis « Design » au quotidien.\r\n\r\nJ\'ai fait 4 ans d\'études. Je suis titulaire :\r\n\r\n- d\'une Mise À Niveau en Arts Appliqués\r\n- d\'un DUT Métiers du Multimédia et de l\'Internet, mention assez bien\r\n- d\'une Licence professionnelle \"Métiers du numérique : conception, rédaction et réalisation web\" option Graphisme multimédia, mention bien\r\n\r\nJe suis : rigoureuse, réactive, dynamique, souriante, créative, curieuse et surtout passionnée !\r\n\r\nDans la vie j\'aime : les voyages, lire, le design, tout ce qui touche à l\'art en général, le ski et la nourriture.', '', 'iloehergault@gmail.com', 1, '2020-12-24 15:20:02', '2020-11-24 15:20:02', '2020-11-24 15:20:02', 'Veuillez postuler...', ''),
(21, 3, 'Freelance', 'Salpin Michel', 'image/logo/roundred.png', 'http://www.msalpin.com', 'France', 'Paris', 'Bonjour,\r\n\r\nJe suis en recherche active d\'un emploi.\r\n\r\nPolyvalent, je mets à votre disposition mes compétences professionnelles. J\'étudie toutes les opportunités de collaboration.\r\n\r\nJe suis mobile (France ou étranger).\r\n\r\nTrès intéressé par les nouvelles technologies de communication, j\'ai effectué une formation de webdesigner de niveau III dans le cadre d\'une convention AFDAS de neuf mois en 2008, ajoutant ainsi à ma palette, la maîtrise des applicatifs et langages nécessaires à la création et à l\'administration de sites Internet.\r\n\r\nAtouts : - expérience professionnelle en agences de communication, édition, presse-magazine, etc.,\r\n- une solide assise technique,\r\n- management, initiatives, esprit d\'équipe.\r\n\r\nVous pouvez consulter mon portfolio et télécharger mon CV au format PDF à l\'URL suivante : http://www.msalpin.com/cv.html\r\n\r\nJ\'étudie avec le plus grand soin vos offres de collaboration. Je me tiens à votre disposition pour tout demande de renseignements complémentaire.\r\n\r\nDans cette attente, je vous prie d’agréer, Mesdames, Messieurs, l’expression de mes salutations distinguées.\r\n\r\n\r\nMichel Salpin\r\n\r\n', '', 'msalpin@gmail.com', 1, '2020-12-24 15:20:02', '2020-11-24 15:20:02', '2020-11-24 15:20:02', 'Veuillez postuler...', ''),
(22, 3, 'CDD', 'Coline Gauthier', 'image/logo/pinneapple.png', ' https://coline-gauthier.fr', 'France', 'Colmar', 'Inspirée par l\'art sous toutes ses formes : Expo universelle de Milan, spectacles de rue, un stage chez Ubisoft Montpellier et 7e art. Tous on influencée mon parcours.\r\n\r\nD\'un Bac STD2A à un Bachelor design graphique option motion design en passant par un BTS design graphique médias numérique, je suis aujourd\'hui à la recherche d\'un emplois dans le domaine du graphisme.\r\nMon petit plus ? Je suis passionnée par le motion design (un outil de communication en plein essor !)\r\n\r\nJe recherche un poste en Alsace (Strasbourg, Sélestat, Colmar et Mulhouse) et sur la région de Lyon.\r\nJe suis disponible tout de suite et très motivée à travailler malgré le contexte de crise actuelle !', '', 'coline.g68@gmail.com', 1, '2020-12-24 15:20:02', '2020-11-24 15:20:02', '2020-11-24 15:20:02', 'Veuillez postuler...', ''),
(23, 2, 'CDI', 'Michael Page', 'image/logo/vintage.png', 'https://www.michaelpage.fr/job-detail/chef-de-projet-cyber-s%c3%a9curit%c3%a9-hf', 'France', 'France', 'Rattaché au Responsable Systèmes et Réseaux, vous intervenez au sein d\'une équipe internationale dans le cadre de la stratégie IT du Groupe. En tant qu\'Expert Chef de Projet Cyber Sécurité , vous participez aux actions globales de management de la sécurité. Dans ce cadre vos missions sont les suivantes :\r\n- Déployer et piloter les solutions de sécurité,\r\n- Analyser les audits sécurité IT et en charge des la veille technique et technologique,\r\n- Accompagner le management global de la sécurité IT Groupe,\r\n- Participer à la mise en oeuvre de règles sécurité.\r\n\r\nForce de proposition, vous contribuez à l\'amélioration continue du service.\r\n\r\nCette liste n\'est pas limitative.\r\n\r\nIssu d\'une formation supérieure de type Bac+ 2 MINIMUM en informatiques réseaux, vous bénéficiez d\'au moins 2 ans d\'expérience à un poste similaire en tant que Chef de Projet Cybersécurité. A l\'aise sur les normes et procédures de sécurité (firewall, antivirus, cryptographie, serveurs d\'authentification, tests d\'intrusion, PKI, filtrage d\'URL, EDR, CASB...). Vous avez une curiosité intellectuelle et grand intérêt pour les nouvelles technologies et une bonne compréhension des architectures en environnement Cloud Hybride. Votre anglais est bon.\r\nRéférence : 674044', '', 'alizegridel@michaelpage.fr', 1, '2020-12-24 15:20:02', '2020-11-24 15:20:02', '2020-11-24 15:20:02', 'Veuillez postuler...', ''),
(24, 2, 'Freelance', 'Que du Bonheur', 'image/logo/flower.png', NULL, 'France', 'Paris', 'Dans le cadre d\'un contrat de professionnalisation:\r\n\r\n> Descriptif de poste :\r\n\r\nMISSIONS\r\n \r\nNous vous invitons à rejoindre notre société comme Chef de projet SEO junior (H/F).\r\n \r\nAu sein du pôle Marketing vous allez apprendre à :\r\n \r\n& Découvrir le fonctionnement du secteur de l\'internet (les acteurs en présence, comment générer du trafic et du revenu avec un site internet...),\r\n·& Veille SEO et mise en place de stratégie d\'acquisition\r\n·& Participer activement au développement et à l\'optimisation d\'un site internet\r\n·& Approfondir vos connaissances générales web (SEO, e-Marketing, B2B, techniques...) et renforcer votre vision stratégique,\r\n& Développer votre sensibilité analytique .\r\n \r\n \r\n& Participation active au développement de projets éditoriaux de la plate forme de contenu.\r\n \r\n& Rédaction d\'articles .\r\n& Relecture, correction et intégration des textes réalisés par nos partenaires.\r\n· Animation des réseaux sociaux : Mise en ligne et promotions des contenus réalisés.\r\n· SEO : Suivi de l\'indexation des articles, création de liens externes.\r\n· Suivi des indicateurs de performance des différents projets (engagement des fans, trafic, monétisation, etc.) et optimisation des résultats.\r\n \r\n \r\nPROFIL\r\n \r\n· Actuellement étudiant(e) BAC +3, vous avez des expériences significatives dans ces domaines.\r\n· Vous êtes très intéressé(e) par le web et vous avez une bonne connaissance du fonctionnement des blogs et des réseaux sociaux (Facebook, Twitter, Google+).\r\n· Vous possédez les qualités suivantes : dynamisme, rigueur, méthodologie, sens logique.', '', 'claudiarecrut@gmail.com', 1, '2020-12-24 15:20:02', '2020-11-24 15:20:02', '2020-11-24 15:20:02', 'Veuillez postuler...', ''),
(25, 1, 'CDI', 'CIUP', 'image/logo/ball.png', 'https://www.ciup.fr', 'France', 'Strasbourg', 'Dans le cadre du développement de notre activité, nous recherchons une développeuse ou un développeur PHP pour renforcer notre équipe. Vous interviendrez dans les phases de conception, de développement et de maintenance des projets, suivant le besoin des utilisateurs.\r\n\r\nIssu(e) d\'une formation Bac+2 en informatique, vous disposez d\'une expérience d\'au moins 2 ans dans le développement web.\r\n\r\nVos missions principales :\r\n\r\n· Vous participez à la conception, au développement et à l\'administration de nos applications web.\r\n· Vous en assurez la maintenance et réalisez évolutions et mises à jour.\r\n· Vous effectuez une assistance technique aux utilisateurs.\r\n· Vous concevez les tableaux de bord et les indicateurs de suivi d\'activité nécessaires aux rapports d\'activité.\r\n· Vous restez à jour des évolutions technologiques et partagez l\'information avec les collaborateurs et collaboratrices du service.\r\n\r\nCompétences demandées :\r\n· Back-End : PHP, SQL\r\n· Front-End : HTML5, CSS, Javascript\r\n· Compétences appréciées : Symfony 4, Bootstrap, JQuery, Git, MySQL ou MariaDB\r\n· Anglais technique\r\n\r\nQualités recherchées :\r\n· Autonomie et grande capacité d\'organisation.\r\n· Méthode et rigueur.\r\n· Esprit d\'équipe et d\'entraide.\r\n· Bonne qualité rédactionnelle.\r\n\r\nConditions :\r\n· CDI, temps plein, non cadre.\r\n· 13ème après un an d\'ancienneté\r\n· Le poste est basé à Strasbourg, avec des déplacements occasionnels.\r\n\r\nDate de début prévue : 04/01/2021\r\nType d\'emploi : Temps plein, CDI\r\nSalaire : 29 543,00€ par an', '', 'recrutement@ciup.fr', 1, '2020-12-24 00:00:00', '2020-11-24 15:18:39', '2020-11-24 15:18:47', 'Veuillez postuler...', ''),
(26, 2, 'CDI', 'Makina Corpus', 'image/logo/castor.png', 'https://makina-corpus.com', 'France', 'Toulouse', 'Vous intégrerez une équipe pluridisciplinaire d\'expert.es aux compétences techniques solides et aurez pour responsabilité de :\r\n\r\n- Développer des applications web métier sur la base de Django, Javascript, React (selon votre profil et vos attentes)\r\n\r\n- Participer aux différentes phases de projets web d\'envergure : architecture conception, programmation, tests, maintenance, évolution...\r\n\r\nVous aurez l\'opportunité de :\r\n\r\n- Jouer un rôle visible dans les communautés Open Source : création et amélioration d\'applications Open Source / Participation à la vie de communautés de développeurs / Coordination de sprints, de bugfests / Réalisation de présentations, conférences, bar camps, formations, lightning talks / Écriture de livres blancs ...\r\n\r\n- Évoluer dans environnement technique interdisciplinaire (Front, UI, Mobile, Cartographie...) permettant à chacun.e d\'avoir un véritable impact sur les décisions et où l\'initiative personnelle est valorisée.\r\n\r\n- Choisir vos propres outils de travail, et évoluer dans une ambiance motivante et stimulante (projets et contrib Opensource, participations encouragées à des évènements/meetup, émulation entre expert.es passionné.es, technos innovantes à tester, veille...).\r\n\r\nProfil : niveau Bac +5 requis, idéalement ingénieur.e de formation, mais nous attachons aussi de l\'importance aux compétences, à la passion du métier et à la motivation.\r\n\r\nVous êtes un.e développeur.euse fullstack confirmé.e, spécialisé.e en Javascript et ce depuis 3 ans minimum. Des expériences en Django sont un plus mais ne sont pas requises.\r\n\r\nVotre goût du travail en équipe, votre curiosité et votre adaptabilité aux évolutions technologiques seront des atouts indispensables. Vous êtes motivé.e pour faire des contributions à des projets libres.\r\n\r\nPourquoi nous rejoindre ? Parce que nous disons ce que nous faisons et ... parce que nous faisons ce que nous disons (même si nous n\'avons pas du tout la prétention d\'être parfaits...) : vous avez besoin de le voir pour le croire ? Venez nous rencontrer, un.e expert.e pourra vous en parler !\r\n\r\nÉcrivez-nous, racontez-nous qui vous êtes et ce qui vous motive. Montrez-nous des preuves concrètes de votre motivation (compte Github, contributions, réalisations...).\r\n\r\nNos équipes sont mixtes, femmes et hommes du numérique rejoignez-nous !', '', 'recrutement@makina-corpus.com', 1, '2020-12-24 15:19:00', '2020-11-24 15:19:26', '2020-11-24 15:19:32', 'Veuillez postuler...', ''),
(27, 2, 'Freelance', 'MISTER EV', 'image/logo/flame.png', 'https://www.mister-ev.com/fr/', 'France', 'Strasbourg', 'Pour accompagner le développement de nos ventes, nous recherchons un.e développeur full stack spécialisé.e dans l\'e-commerce.\r\nEn lien avec la direction, vos missions chez Mister EV seront les suivantes :\r\n\r\nParticiper à déterminer les axes d\'amélioration du site Internet avec le reste de l\'équipe ;\r\n\r\nFaire évoluer la présentation du catalogue et des outils de recherche ;\r\nMettre en place des expérimentations (A/B testing) pour améliorer le taux de conversion du site ;\r\nParticiper à l\'industrialisation de la chaîne de traitement des commandes grâce à l\'évaluation de plugins WooCommerce adaptés ou des développements sur mesure ;\r\nConnecter les outils marketing nécessaires au développement des ventes pour rendre l\'équipe des ventes aussi autonome que possible ;\r\nDévelopper des pages pour optimiser le SEO ;\r\nGérer les mises à jour de Wordpress, WooCommerce et des plugins associés.\r\n\r\nSavoir-faire\r\n\r\nUne très bonne connaissance des technologies front-end (XHTML, CSS, SASS ou LESS, javascript) ;\r\nUne bonne connaissance de PHP / MySQL, Wordpress, et idéalement de WooCommerce ;\r\nAu minimum, une première expérience avec GIT ;\r\nUne bonne connaissance des outils et de l\'écosystème de l\'e-commerce ;\r\nUne sensibilité graphique qui permet de travailler sur un projet e-commerce sans forcément avoir besoin de l\'intervention d\'un designer ;\r\nUne bonne compréhension des bonnes pratiques SEO en matière de développement.\r\nSavoir-être\r\n\r\nAvoir envie de relever les challenges liés à la croissance d\'un site e-commerce ;\r\nSavoir travailler efficacement en équipe ;\r\nÊtre dynamique, autonome et faire preuve d\'initiative ;\r\nÊtre rigoureux et organisé ;\r\nAvoir l\'envie constante d\'apprendre et de s\'améliorer ;\r\nAvoir de l\'appétence pour l\'automobile, l\'énergie et une sensibilité environnementale.', '', 'maxime@brakson.com', 1, '2020-12-24 15:20:02', '2020-11-24 15:20:02', '2020-11-24 15:20:02', 'Veuillez postuler...', ''),
(28, 3, 'Freelance', 'Labsoft', 'image/logo/lotus.png', 'https://www.jobposting.pro/emploi-1006056-131', 'France', 'Toulouse', 'Dans le cadre du développement de notre activité, nous recherchons, un(e) Développeur Mobile iOS/Android H/F qui saura développer & apporter son savoir au sein de nos équipes.\r\nVOTRE FUTUR JOB :\r\nIntégré(e) à une équipe, vous prendrez en charge la conception technique et le développement informatique de la version mobile d\'un site internet ou d\'une application native pour smartphone et/ou tablette.\r\n\r\nA ce titre vous aurez en charge :\r\n\r\nL\'analyse :\r\n- Définition des spécifications générales\r\n- Analyse technique et étude détaillée\r\n- Réalisation du prototypage\r\n\r\nLe développement :\r\n- Réalisation des modules (objets et composants logiciels)\r\n- Développement d\'une application adaptée en accord avec les besoins\r\n- Adaptation des solutions existantes en procédant par exemple au portage d\'une application vers un autre système d\'exploitation.\r\n- Code, débugue, teste, documentation et communication sur les étapes de développement du produit.\r\n- Choix des options techniques appropriées au développement comme la réutilisation, l\'amélioration ou la reconfiguration de composants existants\r\n- Optimisation efficacité, coûts et qualité.\r\n- Validation des résultats avec les représentants des utilisateurs type, intégration et garant de la solution dans son ensemble.\r\n- Rédaction des documentations\r\n\r\nLa qualification :\r\n- Élaboration de jeux d\'essais pour les tests unitaires d\'intégration\r\n- Réalisation des tests unitaires\r\n- Identification et traitement des dysfonctionnements\r\n\r\nLa maintenance :\r\n- Support technique tout au long de la vie de l\'application.\r\n- Correction des problèmes remontés par les utilisateurs.\r\n\r\n\r\nLa connaissance du monde bancaire est un plus.\r\n\r\n\r\nENVIRONNEMENT TECHNIQUE :\r\n- Double compétence iOS / Swift + Android / Kotlin\r\n- La connaissance de l\'environnement bancaire est un plus\r\n\r\n\r\nPour postuler :\r\n\r\nhttps://www.jobposting.pro/emploi-1006056-131\r\nRéférence : https://www.jobposting.pro/emploi-1006056-131', '', 'rh@labsoft.fr', 1, '2020-12-24 15:20:02', '2020-11-24 15:20:02', '2020-11-24 15:20:02', 'Veuillez postuler...', ''),
(29, 2, 'Freelance', 'Labsoft', 'image/logo/lotus.png', 'https://www.jobposting.pro/emploi-1006060-131', 'France', 'Toulouse', 'Dans le cadre du développement de notre activité, nous recherchons, un(e) Développeur(se) Cobol/Pacbase H/F qui saura développer & apporter son savoir au sein de nos équipes.\r\nVOTRE FUTUR JOB :\r\nEn renfort d\'une équipe de 40 personnes, vous interviendrez dans le cadre d\'un projet de construction de solutions monétiques.\r\nVos missions seront :\r\n- Le développement ;\r\n- La réalisation des tests unitaires ;\r\nSelon votre montée en compétence, vous pourrez être amené(e) à participer à la qualification.\r\n\r\n\r\nVOTRE PROFIL :\r\n- Expérience en développement Cobol / Pacbase\r\n- Bonnes capacités d\'analyse et de synthèse – Rigueur et méthode\r\n- Esprit d\'équipe\r\n- Adaptabilité et flexibilité\r\n\r\n\r\nPour postuler :\r\n\r\nhttps://www.jobposting.pro/emploi-1006060-131\r\nRéférence : https://www.jobposting.pro/emploi-1006060-131', '', 'rh@labsoft.fr', 1, '2020-12-24 15:20:02', '2020-11-24 15:20:02', '2020-11-24 15:20:02', 'Veuillez postuler...', '');
INSERT INTO `jobs` (`id`, `category_id`, `contrat`, `entreprise`, `logo`, `url`, `pays`, `lieu`, `description`, `token`, `email`, `active`, `expire`, `created`, `updated`, `postuler`, `metier`) VALUES
(30, 2, 'Freelance', 'Labsoft', 'image/logo/lotus.png', 'https://www.jobposting.pro/emploi-1009174-131', 'France', 'Toulouse', 'Type de contrat : CDI\r\n\r\nDans le cadre du développement de notre activité, nous recherchons, un(e) Développeur Mobile Hybrique Cordova/AngularJS H/F qui saura développer & apporter son savoir au sein de nos équipes.\r\n\r\nVOTRE FUTUR JOB :\r\n\r\nContexte de la mission : Evolution / maintenance d\'une solution d\'agrégation de services pour les villes et les entreprises, permettant :\r\n\r\n- Aux personnes d\'une collectivité d\'accéder depuis leur smartphone aux différents services accessibles mis à disposition par la collectivité\r\n- Aux administrateurs de ce lieu de configurer les différents services mis à disposition depuis un Back Office.\r\nIntégré(e) à une équipe, vous prendrez en charge :\r\n- Développement de fonctionnalités\r\n- Correction d\'anomalies remontées par les clients\r\n- Industrialisation de la solution (CI /CD)\r\n- Amélioration de la qualité logicielle (couverture de code, déploiement)\r\n\r\n\r\nENVIRONNEMENT TECHNIQUE :\r\n\r\n- Formation supérieur Bac+2 en informatique\r\n- Vous avez une expérience de 3 ans minimum sur des développements mobiles similaires & une expérience AngularJS.\r\n- AngularJS, API REST, Cordova\r\n- Méthodologie Agile Scrum\r\n- Bon relationnel, rigueur & organisation.\r\n\r\nCe poste vous intéresse ?\r\nNous rejoindre c\'est un super poste mais c\'est aussi :\r\n- Des primes de cooptation ;\r\n- La prise en charge des frais de transport à 50% & prime vélo, pour les plus courageux ;\r\n- La prime de vacances chaque année ;\r\n- Une prime pour toute certification réussie ;\r\n- Le versement de la Participation : résultat de votre travail ;\r\n- Des afterwork réguliers ;\r\n- De l\'aide pour votre installation et vos projets immobiliers ;\r\n- Des TR, une mutuelle et prévoyance, des RTT,\r\n- Un super parrainage avec un Labsoftien(e) dès votre arrivée\r\n\r\nCe poste vous intéresse ? Nous vous attendons impatiemment !\r\n\r\n\r\nPour postuler :\r\n\r\nhttps://www.jobposting.pro/emploi-1009174-131\r\nRéférence : https://www.jobposting.pro/emploi-1009174-131', '', 'rh@labsoft.fr', 1, '2020-12-24 15:20:02', '2020-11-24 15:20:02', '2020-11-24 15:20:02', 'Veuillez postuler...', ''),
(31, 3, 'CDD', 'Terence Ramos', 'image/logo/wave.png', 'http://terenceramos.free.fr', 'France', 'Paris', 'Graphiste avec 4 ans d\'expérience, motivé, créatif et polyvalent sur les supports papier et web.\r\nDepuis 10 ans dans le domaine de la communication graphique infographie, le marketing, la programmation et le motion design.', '', 'terenceramos@hotmail.com', 1, '2020-12-24 15:20:02', '2020-11-24 15:20:02', '2020-11-24 15:20:02', 'Veuillez postuler...', ''),
(32, 3, 'CDD', 'Iloé', 'image/logo/ink.png', 'https://www.behance.net/ilohergault', 'France', 'Paris', 'Le webdesign, les médias sociaux et le graphisme sont mes domaines d\'expertise mais aussi mes passions. Je vis « Design » au quotidien.\r\n\r\nJ\'ai fait 4 ans d\'études. Je suis titulaire :\r\n\r\n- d\'une Mise À Niveau en Arts Appliqués\r\n- d\'un DUT Métiers du Multimédia et de l\'Internet, mention assez bien\r\n- d\'une Licence professionnelle \"Métiers du numérique : conception, rédaction et réalisation web\" option Graphisme multimédia, mention bien\r\n\r\nJe suis : rigoureuse, réactive, dynamique, souriante, créative, curieuse et surtout passionnée !\r\n\r\nDans la vie j\'aime : les voyages, lire, le design, tout ce qui touche à l\'art en général, le ski et la nourriture.', '', 'iloehergault@gmail.com', 1, '2020-12-24 15:20:02', '2020-11-24 15:20:02', '2020-11-24 15:20:02', 'Veuillez postuler...', ''),
(33, 3, 'Freelance', 'Salpin Michel', 'image/logo/roundred.png', 'http://www.msalpin.com', 'France', 'Paris', 'Bonjour,\r\n\r\nJe suis en recherche active d\'un emploi.\r\n\r\nPolyvalent, je mets à votre disposition mes compétences professionnelles. J\'étudie toutes les opportunités de collaboration.\r\n\r\nJe suis mobile (France ou étranger).\r\n\r\nTrès intéressé par les nouvelles technologies de communication, j\'ai effectué une formation de webdesigner de niveau III dans le cadre d\'une convention AFDAS de neuf mois en 2008, ajoutant ainsi à ma palette, la maîtrise des applicatifs et langages nécessaires à la création et à l\'administration de sites Internet.\r\n\r\nAtouts : - expérience professionnelle en agences de communication, édition, presse-magazine, etc.,\r\n- une solide assise technique,\r\n- management, initiatives, esprit d\'équipe.\r\n\r\nVous pouvez consulter mon portfolio et télécharger mon CV au format PDF à l\'URL suivante : http://www.msalpin.com/cv.html\r\n\r\nJ\'étudie avec le plus grand soin vos offres de collaboration. Je me tiens à votre disposition pour tout demande de renseignements complémentaire.\r\n\r\nDans cette attente, je vous prie d’agréer, Mesdames, Messieurs, l’expression de mes salutations distinguées.\r\n\r\n\r\nMichel Salpin\r\n\r\n', '', 'msalpin@gmail.com', 1, '2020-12-24 15:20:02', '2020-11-24 15:20:02', '2020-11-24 15:20:02', 'Veuillez postuler...', ''),
(34, 3, 'CDD', 'Coline Gauthier', 'image/logo/pinneapple.png', ' https://coline-gauthier.fr', 'France', 'Colmar', 'Inspirée par l\'art sous toutes ses formes : Expo universelle de Milan, spectacles de rue, un stage chez Ubisoft Montpellier et 7e art. Tous on influencée mon parcours.\r\n\r\nD\'un Bac STD2A à un Bachelor design graphique option motion design en passant par un BTS design graphique médias numérique, je suis aujourd\'hui à la recherche d\'un emplois dans le domaine du graphisme.\r\nMon petit plus ? Je suis passionnée par le motion design (un outil de communication en plein essor !)\r\n\r\nJe recherche un poste en Alsace (Strasbourg, Sélestat, Colmar et Mulhouse) et sur la région de Lyon.\r\nJe suis disponible tout de suite et très motivée à travailler malgré le contexte de crise actuelle !', '', 'coline.g68@gmail.com', 1, '2020-12-24 15:20:02', '2020-11-24 15:20:02', '2020-11-24 15:20:02', 'Veuillez postuler...', ''),
(35, 2, 'CDI', 'Michael Page', 'image/logo/vintage.png', 'https://www.michaelpage.fr/job-detail/chef-de-projet-cyber-s%c3%a9curit%c3%a9-hf', 'France', 'France', 'Rattaché au Responsable Systèmes et Réseaux, vous intervenez au sein d\'une équipe internationale dans le cadre de la stratégie IT du Groupe. En tant qu\'Expert Chef de Projet Cyber Sécurité , vous participez aux actions globales de management de la sécurité. Dans ce cadre vos missions sont les suivantes :\r\n- Déployer et piloter les solutions de sécurité,\r\n- Analyser les audits sécurité IT et en charge des la veille technique et technologique,\r\n- Accompagner le management global de la sécurité IT Groupe,\r\n- Participer à la mise en oeuvre de règles sécurité.\r\n\r\nForce de proposition, vous contribuez à l\'amélioration continue du service.\r\n\r\nCette liste n\'est pas limitative.\r\n\r\nIssu d\'une formation supérieure de type Bac+ 2 MINIMUM en informatiques réseaux, vous bénéficiez d\'au moins 2 ans d\'expérience à un poste similaire en tant que Chef de Projet Cybersécurité. A l\'aise sur les normes et procédures de sécurité (firewall, antivirus, cryptographie, serveurs d\'authentification, tests d\'intrusion, PKI, filtrage d\'URL, EDR, CASB...). Vous avez une curiosité intellectuelle et grand intérêt pour les nouvelles technologies et une bonne compréhension des architectures en environnement Cloud Hybride. Votre anglais est bon.\r\nRéférence : 674044', '', 'alizegridel@michaelpage.fr', 1, '2020-12-24 15:20:02', '2020-11-24 15:20:02', '2020-11-24 15:20:02', 'Veuillez postuler...', ''),
(36, 2, 'Freelance', 'Que du Bonheur', '/image/logo/flower.png', NULL, 'France', 'Paris', 'Dans le cadre d\'un contrat de professionnalisation:\r\n\r\n> Descriptif de poste :\r\n\r\nMISSIONS\r\n \r\nNous vous invitons à rejoindre notre société comme Chef de projet SEO junior (H/F).\r\n \r\nAu sein du pôle Marketing vous allez apprendre à :\r\n \r\n& Découvrir le fonctionnement du secteur de l\'internet (les acteurs en présence, comment générer du trafic et du revenu avec un site internet...),\r\n·& Veille SEO et mise en place de stratégie d\'acquisition\r\n·& Participer activement au développement et à l\'optimisation d\'un site internet\r\n·& Approfondir vos connaissances générales web (SEO, e-Marketing, B2B, techniques...) et renforcer votre vision stratégique,\r\n& Développer votre sensibilité analytique .\r\n \r\n \r\n& Participation active au développement de projets éditoriaux de la plate forme de contenu.\r\n \r\n& Rédaction d\'articles .\r\n& Relecture, correction et intégration des textes réalisés par nos partenaires.\r\n· Animation des réseaux sociaux : Mise en ligne et promotions des contenus réalisés.\r\n· SEO : Suivi de l\'indexation des articles, création de liens externes.\r\n· Suivi des indicateurs de performance des différents projets (engagement des fans, trafic, monétisation, etc.) et optimisation des résultats.\r\n \r\n \r\nPROFIL\r\n \r\n· Actuellement étudiant(e) BAC +3, vous avez des expériences significatives dans ces domaines.\r\n· Vous êtes très intéressé(e) par le web et vous avez une bonne connaissance du fonctionnement des blogs et des réseaux sociaux (Facebook, Twitter, Google+).\r\n· Vous possédez les qualités suivantes : dynamisme, rigueur, méthodologie, sens logique.', '', 'claudiarecrut@gmail.com', 1, '2020-12-24 15:20:02', '2020-11-24 15:20:02', '2020-11-24 15:20:02', 'Veuillez postuler...', ''),
(37, 1, 'Freelance', 'Afpa', NULL, NULL, 'france', 'niort', 'poste restante', NULL, 'labbe.mickael@icloud.com', NULL, NULL, NULL, NULL, NULL, NULL);

-- --------------------------------------------------------

--
-- Structure de la table `user`
--

CREATE TABLE `user` (
  `id` int(11) NOT NULL,
  `email` varchar(180) COLLATE utf8mb4_unicode_ci NOT NULL,
  `roles` longtext COLLATE utf8mb4_unicode_ci NOT NULL COMMENT '(DC2Type:json)',
  `password` varchar(255) COLLATE utf8mb4_unicode_ci NOT NULL,
  `username` varchar(100) COLLATE utf8mb4_unicode_ci NOT NULL,
  `site` varchar(100) COLLATE utf8mb4_unicode_ci NOT NULL
) ENGINE=InnoDB DEFAULT CHARSET=utf8mb4 COLLATE=utf8mb4_unicode_ci;

--
-- Déchargement des données de la table `user`
--

INSERT INTO `user` (`id`, `email`, `roles`, `password`, `username`, `site`) VALUES
(1, 'labbe.mickael@icloud.com', '[]', 'mlabbe76', 'mickael', 'Afpa');

--
-- Index pour les tables déchargées
--

--
-- Index pour la table `affilies`
--
ALTER TABLE `affilies`
  ADD PRIMARY KEY (`id`);

--
-- Index pour la table `affilies_categories`
--
ALTER TABLE `affilies_categories`
  ADD PRIMARY KEY (`affilies_id`,`categories_id`),
  ADD KEY `IDX_E84D655A144C5CF3` (`affilies_id`),
  ADD KEY `IDX_E84D655AA21214B7` (`categories_id`);

--
-- Index pour la table `categories`
--
ALTER TABLE `categories`
  ADD PRIMARY KEY (`id`);

--
-- Index pour la table `doctrine_migration_versions`
--
ALTER TABLE `doctrine_migration_versions`
  ADD PRIMARY KEY (`version`);

--
-- Index pour la table `jobs`
--
ALTER TABLE `jobs`
  ADD PRIMARY KEY (`id`),
  ADD KEY `IDX_A8936DC512469DE2` (`category_id`);

--
-- Index pour la table `user`
--
ALTER TABLE `user`
  ADD PRIMARY KEY (`id`),
  ADD UNIQUE KEY `UNIQ_8D93D649E7927C74` (`email`);

--
-- AUTO_INCREMENT pour les tables déchargées
--

--
-- AUTO_INCREMENT pour la table `affilies`
--
ALTER TABLE `affilies`
  MODIFY `id` int(11) NOT NULL AUTO_INCREMENT;

--
-- AUTO_INCREMENT pour la table `categories`
--
ALTER TABLE `categories`
  MODIFY `id` int(11) NOT NULL AUTO_INCREMENT, AUTO_INCREMENT=4;

--
-- AUTO_INCREMENT pour la table `jobs`
--
ALTER TABLE `jobs`
  MODIFY `id` int(11) NOT NULL AUTO_INCREMENT, AUTO_INCREMENT=38;

--
-- AUTO_INCREMENT pour la table `user`
--
ALTER TABLE `user`
  MODIFY `id` int(11) NOT NULL AUTO_INCREMENT, AUTO_INCREMENT=2;

--
-- Contraintes pour les tables déchargées
--

--
-- Contraintes pour la table `affilies_categories`
--
ALTER TABLE `affilies_categories`
  ADD CONSTRAINT `FK_E84D655A144C5CF3` FOREIGN KEY (`affilies_id`) REFERENCES `affilies` (`id`) ON DELETE CASCADE,
  ADD CONSTRAINT `FK_E84D655AA21214B7` FOREIGN KEY (`categories_id`) REFERENCES `categories` (`id`) ON DELETE CASCADE;

--
-- Contraintes pour la table `jobs`
--
ALTER TABLE `jobs`
  ADD CONSTRAINT `FK_A8936DC512469DE2` FOREIGN KEY (`category_id`) REFERENCES `categories` (`id`);
COMMIT;

/*!40101 SET CHARACTER_SET_CLIENT=@OLD_CHARACTER_SET_CLIENT */;
/*!40101 SET CHARACTER_SET_RESULTS=@OLD_CHARACTER_SET_RESULTS */;
/*!40101 SET COLLATION_CONNECTION=@OLD_COLLATION_CONNECTION */;
